pair_index	roi_id	roi_start	roi_end	roi_uniqueness	fwd_seq	fwd_len	fwd_tm	fwd_gc	rev_seq	rev_len	rev_tm	rev_gc	probe_seq	probe_len	probe_tm	probe_gc	amplicon_size	primer3_penalty	passed_constraints	constraint_notes	blast_fwd_specific	blast_rev_specific	blast_probe_specific	blast_overall_pass
0	NZ_CP118920.1	5600	6100	1.0	GGGTGGTGACGAGTCTGAAG	20	60.04	60.0	CGTGTCAGGACGCTCTAGAC	20	59.9	60.0	TCATCGCCGCGCCATGCCGTAGAAC	25	65.62	64.0	154	0.1355	True		True	True	True	True
1	NZ_CP118920.1	5600	6100	1.0	GGGTGGTGACGAGTCTGAAG	20	60.04	60.0	GCGATGAGCCCTCAACCATA	20	59.89	55.0	TGGCGTAAGGGTCCCCGACATATCGCCG	28	66.86	64.3	112	0.1449	True		True	True	True	True
3	NZ_CP118920.1	5600	6100	1.0	GGGTGGTGACGAGTCTGAAG	20	60.04	60.0	CCGTCGCATATCTCGGATCC	20	60.18	60.0	TCATCGCCGCGCCATGCCGTAGAAC	25	65.62	64.0	177	0.2173	True		True	True	True	True
0	NZ_CP118920.1	15200	15700	1.0	GAGGATCTGACCGCTTACCG	20	59.97	60.0	CTACGCTCGCGATGTTTGTG	20	59.98	55.0	CTGGGGCCGCAACAACCGCAACACT	25	66.12	64.0	191	0.0546	False	REV self-dimer ΔG=-7.2 kcal/mol (threshold -6.0); PRB self-dimer ΔG=-8.2 kcal/mol (threshold -6.0)	False	False	False	False
1	NZ_CP118920.1	15200	15700	1.0	GGCTGCTTCTCCTCGTTCTT	20	60.04	55.0	CTACGCTCGCGATGTTTGTG	20	59.98	55.0	CTGGGGCCGCAACAACCGCAACACT	25	66.12	64.0	122	0.0606	False	REV self-dimer ΔG=-7.2 kcal/mol (threshold -6.0); PRB self-dimer ΔG=-8.2 kcal/mol (threshold -6.0)	False	False	False	False
2	NZ_CP118920.1	15200	15700	1.0	GAGGATCTGACCGCTTACCG	20	59.97	60.0	AAGAACGAGGAGAAGCAGCC	20	60.04	55.0	TCCTGGACAGCACGCTGGCTACCGA	25	65.3	64.0	89	0.0678	False	PRB self-dimer ΔG=-7.8 kcal/mol (threshold -6.0)	N/A	N/A	N/A	None
3	NZ_CP118920.1	15200	15700	1.0	CACGCTGGCTACCGAATTTG	20	59.9	55.0	CTACGCTCGCGATGTTTGTG	20	59.98	55.0	CTGGGGCCGCAACAACCGCAACACT	25	66.12	64.0	141	0.1207	False	REV self-dimer ΔG=-7.2 kcal/mol (threshold -6.0); PRB self-dimer ΔG=-8.2 kcal/mol (threshold -6.0)	N/A	N/A	N/A	None
4	NZ_CP118920.1	15200	15700	1.0	TCGTTCTTCTACTACGCCGC	20	59.9	55.0	CTACGCTCGCGATGTTTGTG	20	59.98	55.0	CTGGGGCCGCAACAACCGCAACACT	25	66.12	64.0	110	0.1214	False	REV self-dimer ΔG=-7.2 kcal/mol (threshold -6.0); PRB self-dimer ΔG=-8.2 kcal/mol (threshold -6.0)	N/A	N/A	N/A	None
0	NZ_CP118920.1	8300	8800	1.0	TGATCGGGCGTGATCTTCTG	20	59.9	55.0	TACACCTTCGTGCTGGAACC	20	59.97	55.0	ACGAAGTAACTCGCGGCGCGATAGTCGA	28	65.23	57.1	122	0.1374	False	PRB self-dimer ΔG=-13.8 kcal/mol (threshold -6.0)	N/A	N/A	N/A	None
1	NZ_CP118920.1	8300	8800	1.0	TGATCGGGCGTGATCTTCTG	20	59.9	55.0	GGTACACCTTCGTGCTGGAA	20	59.97	55.0	ACGAAGTAACTCGCGGCGCGATAGTCGA	28	65.23	57.1	124	0.1374	False	PRB self-dimer ΔG=-13.8 kcal/mol (threshold -6.0)	N/A	N/A	N/A	None
2	NZ_CP118920.1	8300	8800	1.0	GATCGGGCGTGATCTTCTGT	20	59.9	55.0	TACACCTTCGTGCTGGAACC	20	59.97	55.0	ACGAAGTAACTCGCGGCGCGATAGTCGA	28	65.23	57.1	121	0.1375	False	PRB self-dimer ΔG=-13.8 kcal/mol (threshold -6.0)	N/A	N/A	N/A	None
3	NZ_CP118920.1	8300	8800	1.0	GATCGGGCGTGATCTTCTGT	20	59.9	55.0	GGTACACCTTCGTGCTGGAA	20	59.97	55.0	ACGAAGTAACTCGCGGCGCGATAGTCGA	28	65.23	57.1	123	0.1375	False	PRB self-dimer ΔG=-13.8 kcal/mol (threshold -6.0)	N/A	N/A	N/A	None
4	NZ_CP118920.1	8300	8800	1.0	GTGATCGGGCGTGATCTTCT	20	59.9	55.0	TACACCTTCGTGCTGGAACC	20	59.97	55.0	ACGAAGTAACTCGCGGCGCGATAGTCGA	28	65.23	57.1	123	0.1375	False	PRB self-dimer ΔG=-13.8 kcal/mol (threshold -6.0)	N/A	N/A	N/A	None
0	NZ_CP118920.1	14900	15400	1.0	CGACCGACTCAACACCTACC	20	60.11	60.0	ATGGTAGGCGTGAAAGCTCC	20	60.11	55.0	AACGCGCCTACGACCTCGACAGCCT	25	65.76	64.0	85	0.2171	False	PRB self-dimer ΔG=-6.3 kcal/mol (threshold -6.0)	N/A	N/A	N/A	None
2	NZ_CP118920.1	5600	6100	1.0	GGGTGGTGACGAGTCTGAAG	20	60.04	60.0	GTCGCATATCTCGGATCCGG	20	60.18	60.0	TCATCGCCGCGCCATGCCGTAGAAC	25	65.62	64.0	175	0.2173	False	REV self-dimer ΔG=-10.2 kcal/mol (threshold -6.0)	N/A	N/A	N/A	None
4	NZ_CP118920.1	5600	6100	1.0	GGGTGGTGACGAGTCTGAAG	20	60.04	60.0	GACGCTCTAGACACCGGTTC	20	60.18	60.0	GCCCGCGCGATACCTATGGTTGAGGGCT	28	67.32	64.3	146	0.2173	False	REV self-dimer ΔG=-6.3 kcal/mol (threshold -6.0); PRB self-dimer ΔG=-10.7 kcal/mol (threshold -6.0)	N/A	N/A	N/A	None
0	NZ_CP118920.1	2600	3100	1.0	GTAAGGACGATACGCTCCCG	20	60.04	60.0	ATCCGGATGTCCACTTCAGC	20	59.82	55.0	ACCGCTTCCGTCTGGCTGTTCGCGA	25	66.4	64.0	123	0.2196	False	REV self-dimer ΔG=-7.6 kcal/mol (threshold -6.0); PRB self-dimer ΔG=-6.1 kcal/mol (threshold -6.0)	N/A	N/A	N/A	None
1	NZ_CP118920.1	2600	3100	1.0	CGGGTAAGGACGATACGCTC	20	60.04	60.0	ATCCGGATGTCCACTTCAGC	20	59.82	55.0	ACCGCTTCCGTCTGGCTGTTCGCGA	25	66.4	64.0	126	0.2196	False	REV self-dimer ΔG=-7.6 kcal/mol (threshold -6.0); PRB self-dimer ΔG=-6.1 kcal/mol (threshold -6.0)	N/A	N/A	N/A	None
2	NZ_CP118920.1	2600	3100	1.0	GTAAGGACGATACGCTCCCG	20	60.04	60.0	CACCTGATCCGGATGTCCAC	20	60.18	60.0	ACCGCTTCCGTCTGGCTGTTCGCGA	25	66.4	64.0	129	0.2197	False	REV self-dimer ΔG=-8.8 kcal/mol (threshold -6.0); PRB self-dimer ΔG=-6.1 kcal/mol (threshold -6.0)	N/A	N/A	N/A	None
3	NZ_CP118920.1	2600	3100	1.0	CGGGTAAGGACGATACGCTC	20	60.04	60.0	CACCTGATCCGGATGTCCAC	20	60.18	60.0	ACCGCTTCCGTCTGGCTGTTCGCGA	25	66.4	64.0	132	0.2197	False	REV self-dimer ΔG=-8.8 kcal/mol (threshold -6.0); PRB self-dimer ΔG=-6.1 kcal/mol (threshold -6.0)	N/A	N/A	N/A	None
4	NZ_CP118920.1	2600	3100	1.0	GTAAGGACGATACGCTCCCG	20	60.04	60.0	GATCCACTGGACGCAGACTT	20	59.75	55.0	ACCGCTTCCGTCTGGCTGTTCGCGA	25	66.4	64.0	199	0.2883	False	PRB self-dimer ΔG=-6.1 kcal/mol (threshold -6.0)	N/A	N/A	N/A	None
1	NZ_CP118920.1	14900	15400	1.0	AAAGTGTCATACCCCTGCGG	20	60.04	55.0	TCGGGAGCTTGCAGAACTTC	20	60.32	55.0	TCATGGTCCGGAGAAGCGCTCGCGA	25	65.82	64.0	115	0.3562	False	PRB self-dimer ΔG=-7.1 kcal/mol (threshold -6.0)	N/A	N/A	N/A	None
2	NZ_CP118920.1	14900	15400	1.0	CGACCGACTCAACACCTACC	20	60.11	60.0	CAACCGAGCGAGATGGTAGG	20	60.25	60.0	AACGCGCCTACGACCTCGACAGCCT	25	65.76	64.0	97	0.3585	False	PRB self-dimer ΔG=-6.3 kcal/mol (threshold -6.0)	N/A	N/A	N/A	None
3	NZ_CP118920.1	14900	15400	1.0	AAAGTGTCATACCCCTGCGG	20	60.04	55.0	ATCGGGAGCTTGCAGAACTT	20	59.67	50.0	TCATGGTCCGGAGAAGCGCTCGCGA	25	65.82	64.0	116	0.3617	False	PRB self-dimer ΔG=-7.1 kcal/mol (threshold -6.0)	N/A	N/A	N/A	None
4	NZ_CP118920.1	14900	15400	1.0	AAAGTGTCATACCCCTGCGG	20	60.04	55.0	CATCGGGAGCTTGCAGAACT	20	60.39	55.0	TCATGGTCCGGAGAAGCGCTCGCGA	25	65.82	64.0	117	0.4276	False	PRB self-dimer ΔG=-7.1 kcal/mol (threshold -6.0)	N/A	N/A	N/A	None
